,match_id
0,NA1_4729149632
1,NA1_4732635752
2,NA1_4729193736
3,NA1_4729253603
4,NA1_4729028871
5,NA1_4729228108
6,NA1_4729288774
7,NA1_4732702053
8,NA1_4729055191
9,NA1_4733191591
10,NA1_4728284311
11,NA1_4730285399
12,NA1_4731598809
13,NA1_4731630308
14,NA1_4729458573
15,NA1_4732770048
16,NA1_4728372990
17,NA1_4730272790
18,NA1_4731564720
19,NA1_4730486573
20,NA1_3721565724
21,NA1_3721387703
22,NA1_3721486187
23,NA1_3721826567
24,NA1_3721380428
25,NA1_3720523909
26,NA1_3720560816
27,NA1_3721689378
28,NA1_3720666830
29,NA1_3720451304
30,NA1_4317000585
31,NA1_4317021128
32,NA1_4356851575
33,NA1_4316964052
34,NA1_4349151815
35,NA1_4334085229
36,NA1_4349223889
37,NA1_4573998043
38,NA1_4355510082
39,NA1_4356875019
40,NA1_4426293395
41,NA1_4518725197
42,NA1_4506971731
43,NA1_4723314787
44,NA1_4506957849
45,NA1_4526318966
46,NA1_4635508650
47,NA1_4532435706
48,NA1_4507154402
49,NA1_4426361344
50,NA1_4528223609
51,NA1_4732342030
52,NA1_4732269793
53,NA1_4732316254
54,NA1_4579507558
55,NA1_4528207618
56,NA1_4528189092
57,NA1_4528200545
58,NA1_4716426808
59,NA1_4726449462
60,NA1_4306132046
61,NA1_4104783496
62,NA1_4105859607
63,NA1_4111309918
64,NA1_4114138238
65,NA1_4112022825
66,NA1_4111716008
67,NA1_4111864936
68,NA1_4099749924
69,NA1_4105951871
70,NA1_4661776183
71,NA1_4662901958
72,NA1_4664276647
73,NA1_4662560809
74,NA1_4661863915
75,NA1_4661405269
76,NA1_4661474241
77,NA1_4661433175
78,NA1_4661792899
79,NA1_4660607198
80,NA1_3949097465
81,NA1_3951295997
82,NA1_3953249597
83,NA1_3951351181
84,NA1_4010264452
85,NA1_3953264651
86,NA1_3951298981
87,NA1_4089523435
88,NA1_3999408652
89,NA1_3949109317
90,NA1_4729236700
91,NA1_4730183733
92,NA1_4730426211
93,NA1_4730227675
94,NA1_4730384836
95,NA1_4730251256
96,NA1_4729170350
97,NA1_4730458896
98,NA1_4730471137
99,NA1_4729312995
100,NA1_4583017440
101,NA1_4583072795
102,NA1_4586671320
103,NA1_3985554986
104,NA1_3985496672
105,NA1_4586574877
106,NA1_4144779360
107,NA1_4582931406
108,NA1_4582928739
109,NA1_4144801485
110,NA1_4732170826
111,NA1_4732725106
112,NA1_4732075515
113,NA1_4733176682
114,NA1_4731661025
115,NA1_4729854000
116,NA1_4733063348
117,NA1_4733224696
118,NA1_4731725908
119,NA1_4731700781
120,NA1_4700333746
121,NA1_4722502049
122,NA1_4722530575
123,NA1_4721650418
124,NA1_4722522985
125,NA1_4707907187
126,NA1_4705125603
127,NA1_4721564112
128,NA1_4722510115
129,NA1_4705115362
130,NA1_4637644099
131,NA1_4582805732
132,NA1_4582769115
133,NA1_4594678019
134,NA1_4593641620
135,NA1_4578359753
136,NA1_4582748967
137,NA1_4634417054
138,NA1_4582781428
139,NA1_4579252335
140,NA1_4461262434
141,NA1_4620130838
142,NA1_4449655854
143,NA1_4461216488
144,NA1_4623739352
145,NA1_4620394242
146,NA1_4624087381
147,NA1_4619594513
148,NA1_4623826610
149,NA1_4657825595
150,NA1_4733221817
151,NA1_4733256855
152,NA1_4733271978
153,NA1_4733168950
154,NA1_4733195324
155,NA1_4733014869
156,NA1_4732096594
157,NA1_4732148848
158,NA1_4733050255
159,NA1_4732158712
